station,valid,tmpf,dwpf,relh,sknt,drct,p01i,vsby,skyc1
BDL,2026-07-20 00:51,65.00,51.00,60.49,5.00,340.00,0.00,10.00,CLR
BDL,2026-07-20 01:51,60.00,51.00,72.13,4.00,330.00,0.00,10.00,CLR
BDL,2026-07-20 02:51,60.00,51.00,72.13,0.00,0.00,0.00,10.00,CLR
BDL,2026-07-20 03:51,55.00,51.00,86.35,0.00,0.00,0.00,10.00,CLR
BDL,2026-07-20 04:51,57.00,53.00,86.46,4.00,170.00,0.00,10.00,FEW
BDL,2026-07-20 05:51,54.00,51.00,89.55,3.00,330.00,0.00,10.00,BKN
BDL,2026-07-20 06:51,58.00,53.00,83.40,0.00,0.00,0.00,10.00,BKN
BDL,2026-07-20 07:51,65.00,53.00,65.12,3.00,180.00,0.00,10.00,BKN
BDL,2026-07-20 08:51,69.00,51.00,52.69,3.00,M,0.00,10.00,BKN
BDL,2026-07-20 09:51,72.00,52.00,49.37,3.00,M,0.00,10.00,BKN
BDL,2026-07-20 10:51,74.00,51.00,44.48,0.00,0.00,0.00,10.00,FEW
BDL,2026-07-20 11:51,78.00,49.00,36.16,9.00,170.00,0.00,10.00,FEW
BDL,2026-07-20 12:51,79.00,50.00,36.32,10.00,230.00,0.00,10.00,FEW
BDL,2026-07-20 13:51,80.00,50.00,35.15,6.00,M,0.00,10.00,FEW
BDL,2026-07-20 14:51,81.00,51.00,35.31,7.00,210.00,0.00,10.00,FEW
BDL,2026-07-20 15:51,81.00,50.00,34.02,8.00,250.00,0.00,10.00,FEW
BDL,2026-07-20 16:51,81.00,50.00,34.02,9.00,200.00,0.00,10.00,FEW
BDL,2026-07-20 17:51,80.00,51.00,36.48,7.00,210.00,0.00,10.00,FEW
BDL,2026-07-20 18:51,79.00,50.00,36.32,9.00,220.00,0.00,10.00,FEW
BDL,2026-07-20 19:51,76.00,51.00,41.61,7.00,190.00,0.00,10.00,FEW
BDL,2026-07-20 20:51,72.00,51.00,47.58,10.00,180.00,0.00,10.00,FEW
BDL,2026-07-20 21:51,70.00,54.00,56.86,9.00,180.00,0.00,10.00,SCT
BDL,2026-07-20 22:51,68.00,56.00,65.48,7.00,190.00,0.00,10.00,SCT
BDL,2026-07-20 23:51,66.00,57.00,72.74,5.00,190.00,0.00,10.00,BKN
BDL,2026-07-21 00:51,65.00,58.00,78.08,6.00,180.00,0.00,10.00,BKN
BDL,2026-07-21 01:51,65.00,59.00,80.92,6.00,180.00,0.00,10.00,BKN
BDL,2026-07-21 02:51,63.00,60.00,89.94,5.00,160.00,0.00,10.00,BKN
BDL,2026-07-21 03:51,64.00,60.00,86.84,4.00,180.00,0.00,10.00,BKN
BDL,2026-07-21 04:51,63.00,60.00,89.94,3.00,200.00,0.00,10.00,OVC
BDL,2026-07-21 05:51,61.00,59.00,93.13,3.00,180.00,0.00,10.00,OVC
BDL,2026-07-21 06:51,64.00,61.00,89.98,0.00,0.00,0.00,10.00,BKN
BDL,2026-07-21 07:51,67.00,62.00,83.99,4.00,160.00,0.00,10.00,BKN
BDL,2026-07-21 08:51,70.00,64.00,81.29,5.00,150.00,0.00,10.00,FEW
BDL,2026-07-21 09:51,72.00,65.00,78.66,8.00,140.00,0.00,10.00,FEW
BDL,2026-07-21 10:51,73.00,65.00,76.05,9.00,150.00,T,10.00,FEW
BDL,2026-07-21 11:51,70.00,67.00,90.22,7.00,150.00,0.02,5.00,SCT
BDL,2026-07-21 12:51,71.00,69.00,93.41,7.00,140.00,0.15,4.00,BKN
BDL,2026-07-21 13:51,74.00,70.00,87.36,10.00,150.00,0.01,10.00,BKN
BDL,2026-07-21 14:51,72.00,70.00,93.44,8.00,140.00,0.15,3.00,SCT
BDL,2026-07-21 15:51,73.00,71.00,93.47,3.00,140.00,0.29,10.00,OVC
BDL,2026-07-21 16:51,73.00,71.00,93.47,5.00,60.00,T,10.00,FEW
BDL,2026-07-21 17:51,74.00,71.00,90.38,3.00,60.00,T,10.00,FEW
BDL,2026-07-21 18:51,73.00,71.00,93.47,4.00,30.00,0.00,10.00,FEW
BDL,2026-07-21 19:51,73.00,71.00,93.47,4.00,140.00,T,10.00,BKN
BDL,2026-07-21 20:51,73.00,72.00,96.69,5.00,200.00,T,3.00,OVC
BDL,2026-07-21 21:51,73.00,71.00,93.47,5.00,180.00,T,3.00,BKN
BDL,2026-07-21 22:51,72.00,71.00,96.67,5.00,170.00,0.01,3.00,BKN
BDL,2026-07-21 23:51,72.00,71.00,96.67,6.00,180.00,0.00,2.00,SCT
BDL,2026-07-22 00:51,72.00,72.00,100.00,11.00,200.00,0.00,1.50,BKN
BDL,2026-07-22 01:51,72.00,71.00,96.67,6.00,180.00,0.00,7.00,FEW
BDL,2026-07-22 02:51,72.00,70.00,93.44,10.00,180.00,0.00,10.00,FEW
BDL,2026-07-22 03:51,71.00,69.00,93.41,10.00,190.00,0.00,10.00,FEW
BDL,2026-07-22 04:51,70.00,69.00,96.64,6.00,150.00,0.00,10.00,FEW
BDL,2026-07-22 05:51,70.00,69.00,96.64,6.00,180.00,0.00,10.00,FEW
BDL,2026-07-22 06:51,72.00,69.00,90.30,8.00,170.00,0.00,10.00,FEW
BDL,2026-07-22 07:51,72.00,70.00,93.44,10.00,170.00,0.00,10.00,FEW
BDL,2026-07-22 08:51,74.00,69.00,84.43,10.00,210.00,0.00,10.00,FEW
BDL,2026-07-22 09:51,79.00,69.00,71.54,9.00,220.00,0.00,10.00,SCT
BDL,2026-07-22 10:51,81.00,68.00,64.76,7.00,250.00,0.00,10.00,FEW
BDL,2026-07-22 11:51,82.00,65.00,56.51,9.00,250.00,0.00,10.00,SCT
BDL,2026-07-22 12:51,85.00,66.00,53.12,10.00,220.00,0.00,10.00,SCT
BDL,2026-07-22 13:51,85.00,67.00,54.99,10.00,240.00,0.00,10.00,SCT
BDL,2026-07-22 14:51,76.00,67.00,73.73,16.00,190.00,0.01,7.00,BKN
BDL,2026-07-22 15:51,80.00,69.00,69.23,11.00,200.00,T,10.00,FEW
BDL,2026-07-22 16:51,85.00,60.00,43.03,15.00,270.00,0.00,10.00,FEW
BDL,2026-07-22 17:51,82.00,63.00,52.69,8.00,310.00,0.00,10.00,BKN
BDL,2026-07-22 18:51,78.00,58.00,50.27,11.00,320.00,0.00,10.00,SCT
BDL,2026-07-22 19:51,76.00,56.00,49.97,8.00,320.00,0.00,10.00,SCT
BDL,2026-07-22 20:51,72.00,54.00,53.13,8.00,320.00,0.00,10.00,FEW
BDL,2026-07-22 21:51,69.00,55.00,61.02,10.00,330.00,0.00,10.00,FEW
BDL,2026-07-22 22:51,66.00,54.00,65.24,9.00,350.00,0.00,10.00,SCT
BDL,2026-07-22 23:51,65.00,52.00,62.76,3.00,M,0.00,10.00,FEW
BDL,2026-07-23 00:51,63.00,53.00,69.83,0.00,0.00,0.00,10.00,FEW
BDL,2026-07-23 01:51,62.00,54.00,75.03,0.00,0.00,0.00,10.00,BKN
BDL,2026-07-23 02:51,60.00,54.00,80.54,3.00,340.00,0.00,10.00,FEW
BDL,2026-07-23 03:51,59.00,53.00,80.47,6.00,320.00,0.00,10.00,FEW
BDL,2026-07-23 04:51,58.00,53.00,83.40,4.00,10.00,0.00,10.00,FEW
BDL,2026-07-23 05:51,56.00,53.00,89.64,4.00,330.00,0.00,10.00,FEW
BDL,2026-07-23 06:51,59.00,54.00,83.47,4.00,10.00,0.00,10.00,FEW
BDL,2026-07-23 07:51,63.00,53.00,69.83,4.00,20.00,0.00,10.00,FEW
BDL,2026-07-23 08:51,67.00,52.00,58.56,6.00,340.00,0.00,10.00,FEW
BDL,2026-07-23 09:51,70.00,49.00,47.27,6.00,40.00,0.00,10.00,FEW
BDL,2026-07-23 10:51,73.00,49.00,42.70,6.00,M,0.00,10.00,FEW
BDL,2026-07-23 11:51,74.00,50.00,42.86,4.00,270.00,0.00,10.00,FEW
BDL,2026-07-23 12:51,77.00,45.00,32.14,6.00,290.00,0.00,10.00,FEW
BDL,2026-07-23 13:51,78.00,45.00,31.10,11.00,290.00,0.00,10.00,FEW
BDL,2026-07-23 14:51,80.00,47.00,31.41,10.00,290.00,0.00,10.00,FEW
BDL,2026-07-23 15:51,79.00,46.00,31.26,5.00,340.00,0.00,10.00,FEW
BDL,2026-07-23 16:51,79.00,47.00,32.46,9.00,310.00,0.00,10.00,FEW
BDL,2026-07-23 17:51,78.00,48.00,34.83,6.00,330.00,0.00,10.00,FEW
BDL,2026-07-23 18:51,76.00,48.00,37.21,5.00,330.00,0.00,10.00,FEW
BDL,2026-07-23 19:51,73.00,53.00,49.52,4.00,310.00,0.00,10.00,FEW
BDL,2026-07-23 20:51,68.00,55.00,63.15,0.00,0.00,0.00,10.00,FEW
BDL,2026-07-23 21:51,65.00,56.00,72.64,5.00,250.00,0.00,10.00,CLR
BDL,2026-07-23 22:51,63.00,56.00,77.91,0.00,0.00,0.00,10.00,CLR
BDL,2026-07-23 23:51,63.00,55.00,75.13,0.00,0.00,0.00,10.00,CLR
BDL,2026-07-24 00:51,60.00,55.00,83.54,4.00,300.00,0.00,10.00,CLR
BDL,2026-07-24 01:51,56.00,54.00,92.98,0.00,0.00,0.00,10.00,CLR
BDL,2026-07-24 02:51,58.00,54.00,86.51,0.00,0.00,0.00,10.00,CLR
BDL,2026-07-24 03:51,55.00,53.00,92.95,0.00,0.00,0.00,10.00,CLR
BDL,2026-07-24 04:51,54.00,53.00,96.40,3.00,310.00,0.00,10.00,CLR
BDL,2026-07-24 05:51,53.00,52.00,96.39,0.00,0.00,0.00,10.00,CLR
BDL,2026-07-24 06:51,58.00,54.00,86.51,0.00,0.00,0.00,10.00,CLR
BDL,2026-07-24 07:51,61.00,55.00,80.62,3.00,320.00,0.00,10.00,CLR
BDL,2026-07-24 08:51,66.00,56.00,70.16,3.00,10.00,0.00,10.00,CLR
BDL,2026-07-24 09:51,70.00,56.00,61.15,0.00,0.00,0.00,10.00,FEW
BDL,2026-07-24 10:51,75.00,53.00,46.31,0.00,0.00,0.00,10.00,FEW
BDL,2026-07-24 11:51,78.00,50.00,37.53,4.00,M,0.00,10.00,FEW
BDL,2026-07-24 12:51,80.00,51.00,36.48,4.00,20.00,0.00,10.00,FEW
BDL,2026-07-24 13:51,81.00,51.00,35.31,6.00,260.00,0.00,10.00,FEW
BDL,2026-07-24 14:51,81.00,50.00,34.02,0.00,0.00,0.00,10.00,FEW
BDL,2026-07-24 15:51,82.00,51.00,34.18,4.00,M,0.00,10.00,FEW
BDL,2026-07-24 16:51,82.00,50.00,32.94,5.00,190.00,0.00,10.00,FEW
BDL,2026-07-24 17:51,82.00,51.00,34.18,6.00,140.00,0.00,10.00,FEW
BDL,2026-07-24 18:51,79.00,55.00,43.65,11.00,180.00,0.00,10.00,FEW
BDL,2026-07-24 19:51,75.00,54.00,48.04,9.00,170.00,0.00,10.00,FEW
BDL,2026-07-24 20:51,71.00,53.00,52.98,6.00,160.00,0.00,10.00,FEW
BDL,2026-07-24 21:51,69.00,53.00,56.72,5.00,160.00,0.00,10.00,SCT
BDL,2026-07-24 22:51,66.00,55.00,67.66,5.00,180.00,0.00,10.00,FEW
BDL,2026-07-24 23:51,65.00,55.00,70.05,4.00,180.00,0.00,10.00,SCT
BDL,2026-07-25 00:51,64.00,55.00,72.54,4.00,150.00,0.00,10.00,SCT
BDL,2026-07-25 01:51,59.00,55.00,86.57,0.00,0.00,0.00,10.00,FEW
BDL,2026-07-25 02:51,58.00,55.00,89.73,0.00,0.00,0.00,10.00,FEW
BDL,2026-07-25 03:51,56.00,54.00,92.98,0.00,0.00,0.00,10.00,FEW
BDL,2026-07-25 04:51,55.00,53.00,92.95,0.00,0.00,0.00,10.00,FEW
BDL,2026-07-25 05:51,53.00,52.00,96.39,3.00,340.00,0.00,10.00,FEW
BDL,2026-07-25 06:51,59.00,55.00,86.57,3.00,360.00,0.00,10.00,FEW
BDL,2026-07-25 07:51,63.00,56.00,77.91,0.00,0.00,0.00,10.00,FEW
BDL,2026-07-25 08:51,67.00,57.00,70.27,0.00,0.00,0.00,10.00,FEW
BDL,2026-07-25 09:51,73.00,54.00,51.37,3.00,M,0.00,10.00,FEW
BDL,2026-07-25 10:51,76.00,51.00,41.61,3.00,M,0.00,10.00,FEW
BDL,2026-07-25 11:51,77.00,50.00,38.79,3.00,M,0.00,10.00,FEW
BDL,2026-07-25 12:51,78.00,51.00,38.95,3.00,M,0.00,10.00,FEW
BDL,2026-07-25 13:51,82.00,54.00,38.17,7.00,130.00,0.00,10.00,FEW
BDL,2026-07-25 14:51,81.00,53.00,38.01,3.00,M,0.00,10.00,FEW
BDL,2026-07-25 15:51,81.00,54.00,39.43,7.00,200.00,0.00,10.00,SCT
BDL,2026-07-25 16:51,80.00,53.00,39.27,7.00,110.00,0.00,10.00,SCT
BDL,2026-07-25 17:51,81.00,54.00,39.43,7.00,150.00,0.00,10.00,SCT
BDL,2026-07-25 18:51,79.00,53.00,40.57,8.00,140.00,0.00,10.00,BKN
BDL,2026-07-25 19:51,76.00,54.00,46.47,6.00,130.00,0.00,10.00,FEW
BDL,2026-07-25 20:51,72.00,56.00,57.14,7.00,200.00,0.00,10.00,FEW
BDL,2026-07-25 21:51,69.00,56.00,63.27,7.00,190.00,0.00,10.00,FEW
BDL,2026-07-25 22:51,67.00,56.00,67.78,5.00,170.00,0.00,10.00,CLR
BDL,2026-07-25 23:51,66.00,56.00,70.16,0.00,0.00,0.00,10.00,CLR
BDL,2026-07-26 00:51,61.00,56.00,83.60,0.00,0.00,0.00,10.00,FEW
BDL,2026-07-26 01:51,59.00,56.00,89.77,0.00,0.00,0.00,10.00,FEW
BDL,2026-07-26 02:51,57.00,55.00,93.01,0.00,0.00,0.00,10.00,FEW
BDL,2026-07-26 03:51,56.00,55.00,96.44,4.00,10.00,0.00,10.00,FEW
BDL,2026-07-26 04:51,56.00,54.00,92.98,0.00,0.00,0.00,10.00,FEW
BDL,2026-07-26 05:51,57.00,56.00,96.45,0.00,0.00,0.00,10.00,FEW
BDL,2026-07-26 06:51,58.00,56.00,93.04,3.00,300.00,0.00,10.00,FEW
BDL,2026-07-26 07:51,63.00,57.00,80.77,3.00,360.00,0.00,10.00,FEW
BDL,2026-07-26 08:51,67.00,57.00,70.27,4.00,300.00,0.00,10.00,FEW
BDL,2026-07-26 09:51,70.00,55.00,58.97,0.00,0.00,0.00,10.00,FEW
BDL,2026-07-26 10:51,74.00,54.00,49.67,4.00,330.00,0.00,10.00,FEW
BDL,2026-07-26 11:51,76.00,56.00,49.97,4.00,330.00,0.00,10.00,FEW
BDL,2026-07-26 12:51,79.00,54.00,42.09,4.00,30.00,0.00,10.00,FEW
BDL,2026-07-26 13:51,82.00,54.00,38.17,8.00,350.00,0.00,10.00,FEW
BDL,2026-07-26 14:51,84.00,54.00,35.79,10.00,40.00,0.00,10.00,FEW
BDL,2026-07-26 15:51,82.00,52.00,35.47,5.00,30.00,0.00,10.00,FEW
BDL,2026-07-26 16:51,83.00,51.00,33.09,5.00,10.00,0.00,10.00,FEW
BDL,2026-07-26 17:51,83.00,51.00,33.09,5.00,90.00,0.00,10.00,FEW
BDL,2026-07-26 18:51,80.00,53.00,39.27,11.00,130.00,0.00,10.00,FEW
BDL,2026-07-26 19:51,76.00,52.00,43.18,7.00,130.00,0.00,10.00,FEW
BDL,2026-07-26 20:51,74.00,52.00,46.16,3.00,140.00,0.00,10.00,FEW
BDL,2026-07-26 21:51,67.00,56.00,67.78,0.00,0.00,0.00,10.00,BKN
BDL,2026-07-26 22:51,69.00,55.00,61.02,0.00,0.00,0.00,10.00,SCT
BDL,2026-07-26 23:51,66.00,56.00,70.16,0.00,0.00,0.00,10.00,BKN
BDL,2026-07-27 00:51,62.00,57.00,83.67,0.00,0.00,0.00,10.00,FEW
BDL,2026-07-27 01:51,60.00,56.00,86.62,3.00,40.00,0.00,10.00,CLR
BDL,2026-07-27 02:51,58.00,56.00,93.04,3.00,320.00,0.00,10.00,FEW
BDL,2026-07-27 03:51,58.00,55.00,89.73,3.00,20.00,0.00,10.00,FEW
BDL,2026-07-27 04:51,56.00,55.00,96.44,0.00,0.00,0.00,10.00,FEW
BDL,2026-07-27 05:51,58.00,55.00,89.73,3.00,10.00,0.00,10.00,FEW
BDL,2026-07-27 06:51,60.00,56.00,86.62,3.00,350.00,0.00,10.00,FEW
BDL,2026-07-27 07:51,64.00,56.00,75.22,3.00,360.00,0.00,10.00,FEW
BDL,2026-07-27 08:51,69.00,57.00,65.60,3.00,M,0.00,10.00,FEW
BDL,2026-07-27 10:51,76.00,60.00,57.69,0.00,0.00,0.00,10.00,FEW
BDL,2026-07-27 11:51,79.00,62.00,56.09,6.00,210.00,0.00,10.00,FEW
BDL,2026-07-27 12:46,80.60,62.60,54.37,5.00,210.00,0.00,10.00,FEW
BDL,2026-07-27 12:51,81.00,63.00,54.43,4.00,220.00,0.00,10.00,FEW
BDL,2026-07-27 13:51,81.00,62.00,52.55,4.00,230.00,0.00,10.00,FEW
BDL,2026-07-27 14:51,85.00,65.00,51.31,8.00,250.00,0.00,10.00,FEW
BDL,2026-07-27 15:51,83.00,62.00,49.25,8.00,190.00,0.00,10.00,FEW
BDL,2026-07-27 16:51,85.00,64.00,49.55,8.00,200.00,0.00,10.00,FEW
BDL,2026-07-27 17:51,82.00,64.00,54.57,6.00,200.00,0.00,10.00,FEW
BDL,2026-07-27 18:51,81.00,65.00,58.37,9.00,200.00,0.00,10.00,FEW
BDL,2026-07-27 19:51,78.00,67.00,69.01,8.00,190.00,0.00,10.00,FEW
BDL,2026-07-27 20:51,76.00,67.00,73.73,9.00,180.00,0.00,10.00,FEW
BDL,2026-07-27 21:51,74.00,67.00,78.82,6.00,180.00,0.00,10.00,FEW
BDL,2026-07-27 22:51,74.00,67.00,78.82,5.00,200.00,0.00,10.00,FEW
BDL,2026-07-27 23:51,72.00,67.00,84.30,3.00,150.00,0.00,10.00,FEW
BDL,2026-07-28 00:51,70.00,66.00,87.16,4.00,140.00,0.00,10.00,FEW
BDL,2026-07-28 01:51,69.00,66.00,90.18,4.00,190.00,0.00,10.00,FEW
BDL,2026-07-28 02:51,69.00,67.00,93.36,4.00,170.00,0.00,9.00,FEW
BDL,2026-07-28 03:51,69.00,67.00,93.36,4.00,180.00,0.00,9.00,BKN
BDL,2026-07-28 04:51,69.00,67.00,93.36,5.00,230.00,0.00,7.00,SCT
BDL,2026-07-28 05:51,69.00,68.00,96.63,7.00,160.00,0.00,3.00,SCT
BDL,2026-07-28 06:51,71.00,68.00,90.26,6.00,150.00,0.00,3.00,FEW
BDL,2026-07-28 07:51,72.00,68.00,87.26,6.00,230.00,0.00,3.00,FEW
BDL,2026-07-28 08:51,74.00,68.00,81.58,6.00,180.00,0.00,10.00,OVC
BDL,2026-07-28 09:51,77.00,69.00,76.41,6.00,160.00,0.00,10.00,SCT
BDL,2026-07-28 10:51,79.00,69.00,71.54,7.00,200.00,0.00,10.00,BKN
BDL,2026-07-28 11:51,74.00,62.00,66.20,14.00,120.00,0.00,10.00,SCT
BDL,2026-07-28 12:51,71.00,68.00,90.26,10.00,140.00,1.11,4.00,FEW
BDL,2026-07-28 13:51,72.00,69.00,90.30,5.00,40.00,0.39,3.00,FEW
BDL,2026-07-28 14:51,73.00,70.00,90.34,4.00,60.00,0.45,9.00,FEW
BDL,2026-07-28 15:51,75.00,71.00,87.41,0.00,0.00,0.02,10.00,SCT
BDL,2026-07-28 16:51,77.00,69.00,76.41,9.00,170.00,0.00,10.00,FEW
BDL,2026-07-28 17:51,77.00,69.00,76.41,10.00,170.00,0.00,10.00,FEW
BDL,2026-07-28 18:51,76.00,69.00,78.98,10.00,180.00,0.00,10.00,SCT
BDL,2026-07-28 19:51,75.00,68.00,78.90,13.00,150.00,0.00,10.00,SCT
BDL,2026-07-28 20:51,73.00,67.00,81.51,9.00,160.00,0.00,10.00,SCT
BDL,2026-07-28 21:51,73.00,67.00,81.51,7.00,160.00,0.00,10.00,SCT
BDL,2026-07-28 22:51,73.00,66.00,78.74,8.00,160.00,0.00,10.00,BKN
BDL,2026-07-28 23:51,72.00,67.00,84.30,6.00,120.00,0.00,10.00,BKN
BDL,2026-07-29 00:51,72.00,67.00,84.30,8.00,130.00,0.00,10.00,BKN
BDL,2026-07-29 01:51,72.00,67.00,84.30,12.00,130.00,0.00,10.00,FEW
BDL,2026-07-29 02:51,72.00,66.00,81.44,11.00,130.00,T,10.00,BKN
BDL,2026-07-29 03:51,71.00,65.00,81.37,9.00,120.00,0.00,10.00,FEW
BDL,2026-07-29 04:51,71.00,64.00,78.57,9.00,110.00,0.00,10.00,FEW
BDL,2026-07-29 05:51,71.00,63.00,75.87,9.00,100.00,0.00,10.00,BKN
BDL,2026-07-29 06:51,71.00,62.00,73.24,9.00,130.00,0.00,10.00,BKN
BDL,2026-07-29 07:51,68.00,64.00,87.05,7.00,90.00,0.01,6.00,FEW
BDL,2026-07-29 08:51,67.00,65.00,93.30,8.00,50.00,0.07,7.00,FEW
BDL,2026-07-29 09:51,67.00,65.00,93.30,11.00,50.00,0.23,3.00,SCT
BDL,2026-07-29 10:51,67.00,66.00,96.60,10.00,40.00,0.28,3.00,FEW
BDL,2026-07-29 11:51,68.00,67.00,96.61,16.00,120.00,0.36,3.00,SCT
BDL,2026-07-29 12:51,72.00,69.00,90.30,12.00,170.00,0.01,2.50,FEW
BDL,2026-07-29 13:51,70.00,68.00,93.38,9.00,200.00,0.07,5.00,SCT
BDL,2026-07-29 14:51,69.00,67.00,93.36,12.00,170.00,1.30,7.00,FEW
BDL,2026-07-29 15:51,73.00,70.00,90.34,5.00,180.00,T,10.00,BKN
BDL,2026-07-29 16:51,78.00,67.00,69.01,6.00,210.00,0.00,10.00,FEW
BDL,2026-07-29 17:51,74.00,67.00,78.82,12.00,120.00,0.00,10.00,FEW
BDL,2026-07-29 18:51,72.00,68.00,87.26,6.00,150.00,0.00,10.00,FEW
BDL,2026-07-29 19:51,71.00,67.00,87.21,10.00,140.00,0.00,10.00,SCT
BDL,2026-07-29 20:51,69.00,66.00,90.18,5.00,100.00,0.00,10.00,BKN
BDL,2026-07-29 21:51,70.00,67.00,90.22,0.00,0.00,0.00,10.00,BKN
BDL,2026-07-29 22:51,70.00,66.00,87.16,3.00,60.00,0.00,10.00,OVC
BDL,2026-07-29 23:51,69.00,66.00,90.18,4.00,30.00,0.00,10.00,OVC
BDL,2026-07-30 00:51,69.00,66.00,90.18,5.00,40.00,0.00,10.00,OVC
BDL,2026-07-30 01:51,68.00,67.00,96.61,6.00,40.00,0.02,2.50,SCT
BDL,2026-07-30 02:51,67.00,66.00,96.60,7.00,20.00,0.04,8.00,FEW
BDL,2026-07-30 03:51,66.00,65.00,96.59,6.00,10.00,T,9.00,FEW
BDL,2026-07-30 04:51,66.00,64.00,93.27,7.00,10.00,0.03,8.00,BKN
BDL,2026-07-30 05:51,65.00,64.00,96.57,9.00,10.00,T,10.00,FEW
BDL,2026-07-30 06:51,65.00,64.00,96.57,8.00,360.00,0.03,8.00,SCT
BDL,2026-07-30 07:51,66.00,64.00,93.27,9.00,360.00,T,10.00,FEW
BDL,2026-07-30 08:51,66.00,65.00,96.59,9.00,360.00,0.01,3.00,SCT
BDL,2026-07-30 09:51,66.00,65.00,96.59,6.00,350.00,0.13,6.00,FEW
BDL,2026-07-30 10:51,69.00,67.00,93.36,10.00,360.00,0.01,10.00,SCT
BDL,2026-07-30 11:51,72.00,67.00,84.30,6.00,20.00,0.00,10.00,FEW
BDL,2026-07-30 12:51,70.00,67.00,90.22,9.00,360.00,0.01,3.00,FEW
BDL,2026-07-30 13:51,74.00,65.00,73.54,11.00,350.00,0.01,10.00,FEW
BDL,2026-07-30 14:51,77.00,65.00,66.55,10.00,10.00,0.00,10.00,SCT
BDL,2026-07-30 15:51,77.00,65.00,66.55,7.00,360.00,0.00,10.00,SCT
BDL,2026-07-30 16:51,76.00,64.00,66.43,10.00,10.00,T,10.00,SCT
BDL,2026-07-30 17:51,75.00,65.00,71.12,5.00,350.00,T,10.00,FEW
BDL,2026-07-30 18:51,74.00,65.00,73.54,4.00,350.00,0.00,10.00,FEW
BDL,2026-07-30 19:51,72.00,65.00,78.66,0.00,0.00,0.00,10.00,FEW
BDL,2026-07-30 20:51,68.00,66.00,93.33,4.00,290.00,0.00,10.00,FEW
BDL,2026-07-30 21:51,68.00,65.00,90.14,5.00,300.00,0.00,10.00,BKN
BDL,2026-07-30 22:51,67.00,63.00,87.00,0.00,0.00,0.00,10.00,FEW
BDL,2026-07-30 23:51,65.00,63.00,93.24,3.00,290.00,0.00,10.00,FEW
BDL,2026-07-31 00:51,65.00,63.00,93.24,3.00,320.00,0.00,10.00,CLR
BDL,2026-07-31 01:51,63.00,62.00,96.54,0.00,0.00,0.00,10.00,CLR
BDL,2026-07-31 02:51,64.00,62.00,93.22,0.00,0.00,0.00,10.00,CLR
BDL,2026-07-31 03:51,63.00,62.00,96.54,0.00,0.00,0.00,10.00,CLR
BDL,2026-07-31 04:51,61.00,61.00,100.00,0.00,0.00,0.00,10.00,FEW
BDL,2026-07-31 05:51,62.00,61.00,96.53,3.00,260.00,0.00,10.00,FEW
BDL,2026-07-31 06:51,64.00,63.00,96.56,3.00,260.00,0.00,10.00,FEW
BDL,2026-07-31 07:51,69.00,64.00,84.12,0.00,0.00,0.00,10.00,FEW
BDL,2026-07-31 08:51,73.00,65.00,76.05,4.00,360.00,0.00,10.00,SCT
BDL,2026-07-31 09:51,76.00,65.00,68.79,0.00,0.00,0.00,10.00,FEW
BDL,2026-07-31 10:51,79.00,65.00,62.31,0.00,0.00,0.00,10.00,FEW
BDL,2026-07-31 11:51,80.00,64.00,58.24,0.00,0.00,0.00,10.00,BKN
BDL,2026-07-31 12:51,80.00,64.00,58.24,3.00,70.00,0.00,10.00,FEW
BDL,2026-07-31 13:51,72.00,67.00,84.30,4.00,80.00,0.66,10.00,FEW
BDL,2026-07-31 14:51,76.00,68.00,76.32,5.00,120.00,0.00,10.00,FEW
BDL,2026-07-31 15:51,80.00,65.00,60.30,3.00,M,0.00,10.00,FEW
BDL,2026-07-31 16:51,79.00,67.00,66.78,0.00,0.00,0.00,10.00,SCT
BDL,2026-07-31 17:51,79.00,67.00,66.78,6.00,220.00,0.00,10.00,FEW
BDL,2026-07-31 18:51,80.00,67.00,64.63,3.00,260.00,0.00,10.00,FEW
BDL,2026-07-31 19:51,78.00,68.00,71.43,4.00,270.00,0.00,10.00,FEW
BDL,2026-07-31 20:51,74.00,69.00,84.43,0.00,0.00,0.00,10.00,FEW
BDL,2026-07-31 21:51,73.00,69.00,87.31,0.00,0.00,0.00,10.00,FEW
BDL,2026-07-31 22:51,71.00,69.00,93.41,0.00,0.00,0.00,10.00,FEW
BDL,2026-07-31 23:51,69.00,67.00,93.36,0.00,0.00,0.00,10.00,FEW
BDL,2026-08-01 00:51,69.00,67.00,93.36,3.00,230.00,0.00,10.00,FEW
BDL,2026-08-01 01:51,67.00,66.00,96.60,0.00,0.00,0.00,10.00,SCT
BDL,2026-08-01 02:51,68.00,65.00,90.14,3.00,250.00,0.00,10.00,FEW
BDL,2026-08-01 03:51,66.00,65.00,96.59,3.00,30.00,0.00,10.00,FEW
BDL,2026-08-01 04:51,64.00,64.00,100.00,3.00,330.00,0.00,6.00,FEW
BDL,2026-08-01 05:51,64.00,63.00,96.56,0.00,0.00,0.00,0.25,VV 
BDL,2026-08-01 06:51,65.00,64.00,96.57,0.00,0.00,0.00,0.25,SCT
BDL,2026-08-01 07:51,67.00,66.00,96.60,0.00,0.00,0.00,5.00,FEW
BDL,2026-08-01 08:51,72.00,67.00,84.30,0.00,0.00,0.00,10.00,FEW
BDL,2026-08-01 09:51,75.00,67.00,76.23,0.00,0.00,0.00,10.00,FEW
BDL,2026-08-01 10:51,80.00,69.00,69.23,0.00,0.00,0.00,10.00,FEW
BDL,2026-08-01 11:51,83.00,65.00,54.71,3.00,200.00,0.00,10.00,FEW
BDL,2026-08-01 12:51,85.00,65.00,51.31,3.00,M,0.00,10.00,FEW
BDL,2026-08-01 13:51,85.00,65.00,51.31,6.00,230.00,0.00,10.00,SCT
BDL,2026-08-01 14:51,88.00,60.00,39.12,7.00,240.00,0.00,10.00,SCT
BDL,2026-08-01 15:51,88.00,59.00,37.75,9.00,190.00,0.00,10.00,FEW
BDL,2026-08-01 16:51,86.00,65.00,49.70,10.00,190.00,0.00,10.00,FEW
BDL,2026-08-01 17:51,84.00,66.00,54.85,11.00,200.00,0.00,10.00,FEW
BDL,2026-08-01 18:51,83.00,67.00,58.64,11.00,190.00,0.00,10.00,FEW
BDL,2026-08-01 19:51,80.00,65.00,60.30,9.00,190.00,0.00,10.00,BKN
BDL,2026-08-01 20:51,78.00,63.00,60.04,7.00,190.00,0.00,10.00,BKN
BDL,2026-08-01 21:51,76.00,66.00,71.23,7.00,170.00,0.00,10.00,FEW
BDL,2026-08-01 22:51,75.00,66.00,73.64,7.00,170.00,0.00,10.00,BKN
BDL,2026-08-01 23:51,73.00,67.00,81.51,7.00,160.00,0.00,10.00,BKN
BDL,2026-08-02 00:51,72.00,69.00,90.30,5.00,170.00,0.00,10.00,BKN
BDL,2026-08-02 01:51,72.00,69.00,90.30,5.00,160.00,0.00,10.00,FEW
BDL,2026-08-02 02:51,72.00,69.00,90.30,5.00,160.00,0.00,10.00,SCT
BDL,2026-08-02 03:51,71.00,69.00,93.41,6.00,150.00,0.00,10.00,FEW
BDL,2026-08-02 04:51,71.00,70.00,96.66,4.00,160.00,0.00,10.00,BKN
BDL,2026-08-02 05:51,72.00,70.00,93.44,6.00,170.00,0.00,10.00,OVC
BDL,2026-08-02 06:51,72.00,70.00,93.44,5.00,170.00,0.00,10.00,FEW
BDL,2026-08-02 07:51,74.00,71.00,90.38,7.00,170.00,0.00,10.00,FEW
BDL,2026-08-02 08:51,76.00,71.00,84.55,7.00,170.00,0.00,10.00,SCT
BDL,2026-08-02 09:51,80.00,71.00,74.12,10.00,190.00,0.00,10.00,SCT
BDL,2026-08-02 10:51,82.00,70.00,67.13,10.00,200.00,0.00,10.00,SCT
BDL,2026-08-02 11:51,83.00,68.00,60.70,12.00,200.00,0.00,10.00,SCT
BDL,2026-08-02 12:51,83.00,69.00,62.81,12.00,150.00,0.00,10.00,FEW
BDL,2026-08-02 13:51,83.00,68.00,60.70,13.00,170.00,0.00,10.00,SCT
BDL,2026-08-02 14:51,83.00,67.00,58.64,13.00,170.00,0.00,10.00,FEW
BDL,2026-08-02 15:51,82.00,67.00,60.57,12.00,150.00,0.00,10.00,FEW
BDL,2026-08-02 16:51,82.00,68.00,62.69,13.00,130.00,0.00,10.00,SCT
BDL,2026-08-02 17:51,80.00,66.00,62.44,13.00,160.00,0.00,10.00,FEW
BDL,2026-08-02 18:51,79.00,68.00,69.12,10.00,160.00,0.00,10.00,FEW
BDL,2026-08-02 19:51,77.00,68.00,73.83,11.00,150.00,0.00,10.00,FEW
BDL,2026-08-02 20:51,76.00,69.00,78.98,9.00,160.00,0.00,10.00,SCT
BDL,2026-08-02 21:51,75.00,70.00,84.49,11.00,150.00,0.00,10.00,SCT
BDL,2026-08-02 22:51,75.00,70.00,84.49,8.00,160.00,0.00,10.00,BKN
BDL,2026-08-02 23:51,75.00,71.00,87.41,6.00,140.00,0.00,10.00,SCT
BDL,2026-08-03 00:51,74.00,72.00,93.49,5.00,130.00,0.05,8.00,OVC
BDL,2026-08-03 01:51,74.00,73.00,96.70,4.00,160.00,0.17,8.00,BKN
BDL,2026-08-03 02:51,75.00,74.00,96.71,13.00,170.00,0.12,4.00,BKN
BDL,2026-08-03 03:51,76.00,74.00,93.55,15.00,160.00,0.24,5.00,SCT
BDL,2026-08-03 04:51,76.00,74.00,93.55,6.00,190.00,0.44,3.00,SCT
BDL,2026-08-03 05:51,75.00,74.00,96.71,10.00,190.00,0.60,2.00,SCT
BDL,2026-08-03 06:51,75.00,74.00,96.71,11.00,260.00,0.98,1.50,BKN
BDL,2026-08-03 07:51,73.00,71.00,93.47,8.00,210.00,0.74,7.00,FEW
BDL,2026-08-03 08:51,73.00,72.00,96.69,6.00,170.00,0.04,7.00,FEW
BDL,2026-08-03 09:51,75.00,73.00,93.52,8.00,180.00,T,10.00,FEW
BDL,2026-08-03 10:51,77.00,74.00,90.50,10.00,190.00,0.00,10.00,FEW
BDL,2026-08-03 11:51,77.00,74.00,90.50,8.00,200.00,T,10.00,FEW
BDL,2026-08-03 12:51,76.00,74.00,93.55,7.00,180.00,0.02,6.00,FEW
BDL,2026-08-03 13:51,76.00,74.00,93.55,11.00,180.00,0.04,10.00,FEW
BDL,2026-08-03 14:51,77.00,74.00,90.50,11.00,190.00,T,10.00,FEW
BDL,2026-08-03 15:51,76.00,74.00,93.55,9.00,230.00,0.19,5.00,SCT
BDL,2026-08-03 16:51,77.00,71.00,81.79,9.00,210.00,0.01,10.00,FEW
BDL,2026-08-03 17:51,80.00,68.00,66.90,10.00,300.00,0.00,10.00,FEW
BDL,2026-08-03 18:51,78.00,65.00,64.39,11.00,280.00,0.00,10.00,FEW
BDL,2026-08-03 19:51,76.00,63.00,64.15,10.00,290.00,0.00,10.00,SCT
BDL,2026-08-03 20:51,72.00,61.00,68.35,7.00,300.00,0.00,10.00,FEW
BDL,2026-08-03 21:51,69.00,60.00,73.05,5.00,290.00,0.00,10.00,CLR
BDL,2026-08-03 22:51,67.00,60.00,78.24,4.00,300.00,0.00,10.00,CLR
BDL,2026-08-03 23:51,66.00,61.00,83.93,3.00,270.00,0.00,10.00,CLR
BDL,2026-08-04 00:51,65.00,61.00,86.89,4.00,280.00,0.00,10.00,FEW
BDL,2026-08-04 01:51,64.00,61.00,89.98,5.00,310.00,0.00,10.00,FEW
BDL,2026-08-04 02:51,64.00,61.00,89.98,0.00,0.00,0.00,10.00,FEW
BDL,2026-08-04 03:51,62.00,60.00,93.16,4.00,190.00,0.00,10.00,FEW
BDL,2026-08-04 04:51,62.00,60.00,93.16,3.00,250.00,0.00,10.00,FEW
BDL,2026-08-04 05:51,62.00,60.00,93.16,3.00,240.00,0.00,10.00,FEW
BDL,2026-08-04 06:51,64.00,61.00,89.98,3.00,240.00,0.00,10.00,FEW
BDL,2026-08-04 07:51,69.00,62.00,78.41,0.00,0.00,0.00,10.00,FEW
BDL,2026-08-04 08:51,72.00,62.00,70.81,3.00,M,0.00,10.00,FEW
BDL,2026-08-04 09:51,75.00,62.00,64.02,0.00,0.00,0.00,10.00,FEW
BDL,2026-08-04 10:51,79.00,63.00,58.10,4.00,270.00,0.00,10.00,FEW
BDL,2026-08-04 11:51,81.00,63.00,54.43,5.00,20.00,0.00,10.00,FEW
BDL,2026-08-04 12:51,83.00,55.00,38.33,5.00,360.00,0.00,10.00,FEW
BDL,2026-08-04 13:51,85.00,55.00,35.94,6.00,M,0.00,10.00,FEW
BDL,2026-08-04 14:51,85.00,54.00,34.66,5.00,280.00,0.00,10.00,FEW
BDL,2026-08-04 15:51,85.00,54.00,34.66,5.00,M,0.00,10.00,FEW
BDL,2026-08-04 16:51,86.00,55.00,34.82,5.00,M,0.00,10.00,FEW
BDL,2026-08-04 17:51,85.00,55.00,35.94,6.00,190.00,0.00,10.00,FEW
BDL,2026-08-04 18:51,83.00,56.00,39.74,6.00,190.00,0.00,10.00,FEW
BDL,2026-08-04 19:51,78.00,64.00,62.18,3.00,290.00,0.00,10.00,FEW
BDL,2026-08-04 20:51,75.00,60.00,59.64,6.00,190.00,0.00,10.00,FEW
BDL,2026-08-04 21:51,73.00,61.00,66.08,4.00,200.00,0.00,10.00,CLR
BDL,2026-08-04 22:51,71.00,61.00,70.70,5.00,180.00,0.00,10.00,CLR
BDL,2026-08-04 23:51,69.00,60.00,73.05,0.00,0.00,0.00,10.00,SCT
BDL,2026-08-05 00:51,68.00,61.00,78.33,3.00,140.00,0.00,10.00,BKN
BDL,2026-08-05 01:51,64.00,61.00,89.98,0.00,0.00,0.00,10.00,BKN
BDL,2026-08-05 02:51,63.00,61.00,93.19,0.00,0.00,0.00,10.00,FEW
BDL,2026-08-05 03:51,62.00,60.00,93.16,0.00,0.00,0.00,10.00,FEW
BDL,2026-08-05 04:51,62.00,60.00,93.16,0.00,0.00,0.00,10.00,SCT
BDL,2026-08-05 05:51,61.00,59.00,93.13,0.00,0.00,0.00,10.00,SCT
BDL,2026-08-05 06:51,63.00,61.00,93.19,0.00,0.00,0.00,10.00,FEW
BDL,2026-08-05 07:51,69.00,63.00,81.22,0.00,0.00,0.00,10.00,SCT
BDL,2026-08-05 08:51,71.00,61.00,70.70,3.00,180.00,0.00,10.00,FEW
BDL,2026-08-05 09:51,75.00,62.00,64.02,4.00,200.00,0.00,10.00,FEW
BDL,2026-08-05 10:51,78.00,63.00,60.04,6.00,210.00,0.00,10.00,FEW
BDL,2026-08-05 11:51,83.00,63.00,51.02,7.00,200.00,0.00,10.00,FEW
BDL,2026-08-05 12:51,85.00,63.00,47.84,10.00,180.00,0.00,10.00,FEW
BDL,2026-08-05 13:51,85.00,62.00,46.19,8.00,210.00,0.00,10.00,FEW
BDL,2026-08-05 14:51,86.00,61.00,43.19,6.00,210.00,0.00,10.00,FEW
BDL,2026-08-05 15:51,86.00,62.00,44.74,8.00,220.00,0.00,10.00,FEW
BDL,2026-08-05 16:51,85.00,62.00,46.19,9.00,220.00,0.00,10.00,FEW
BDL,2026-08-05 17:51,84.00,63.00,49.40,7.00,230.00,0.00,10.00,FEW
BDL,2026-08-05 18:51,81.00,61.00,50.72,9.00,200.00,0.00,10.00,BKN
BDL,2026-08-05 19:51,79.00,62.00,56.09,5.00,200.00,0.00,10.00,FEW
BDL,2026-08-05 20:51,76.00,64.00,66.43,6.00,190.00,0.00,10.00,FEW
BDL,2026-08-05 21:51,75.00,65.00,71.12,6.00,180.00,0.00,10.00,SCT
BDL,2026-08-05 22:51,75.00,66.00,73.64,5.00,180.00,0.00,10.00,SCT
BDL,2026-08-05 23:51,73.00,67.00,81.51,4.00,140.00,0.00,10.00,SCT
BDL,2026-08-06 00:51,74.00,68.00,81.58,4.00,120.00,0.00,10.00,OVC
BDL,2026-08-06 01:51,72.00,70.00,93.44,4.00,190.00,T,9.00,BKN
BDL,2026-08-06 02:51,73.00,72.00,96.69,3.00,160.00,0.00,5.00,BKN
BDL,2026-08-06 03:51,72.00,71.00,96.67,3.00,310.00,0.00,2.50,OVC
BDL,2026-08-06 04:51,72.00,71.00,96.67,0.00,0.00,0.01,2.50,OVC
BDL,2026-08-06 05:51,72.00,71.00,96.67,3.00,360.00,0.01,0.75,OVC
BDL,2026-08-06 06:51,73.00,72.00,96.69,0.00,0.00,0.01,0.25,VV 
BDL,2026-08-06 07:51,74.00,73.00,96.70,0.00,0.00,0.00,0.50,OVC
BDL,2026-08-06 08:51,75.00,74.00,96.71,0.00,0.00,0.00,2.00,FEW
BDL,2026-08-06 09:51,80.00,75.00,84.79,3.00,M,0.00,10.00,SCT
BDL,2026-08-06 10:51,85.00,75.00,72.14,6.00,200.00,0.00,10.00,SCT
BDL,2026-08-06 11:51,86.00,73.00,65.35,11.00,210.00,0.00,10.00,FEW
BDL,2026-08-06 12:51,89.00,72.00,57.47,9.00,230.00,0.00,10.00,SCT
BDL,2026-08-06 13:51,89.00,73.00,59.44,8.00,200.00,0.00,10.00,SCT
BDL,2026-08-06 14:51,91.00,73.00,55.83,10.00,190.00,0.00,10.00,SCT
BDL,2026-08-06 15:51,91.00,72.00,53.98,10.00,210.00,0.00,10.00,FEW
BDL,2026-08-06 16:51,91.00,72.00,53.98,8.00,200.00,0.00,10.00,FEW
BDL,2026-08-06 17:51,90.00,72.00,55.69,10.00,210.00,0.00,10.00,FEW
BDL,2026-08-06 18:51,87.00,73.00,63.31,6.00,220.00,0.00,10.00,FEW
BDL,2026-08-06 19:51,85.00,75.00,72.14,6.00,200.00,0.00,10.00,FEW
BDL,2026-08-06 20:51,83.00,76.00,79.53,10.00,190.00,T,10.00,FEW
BDL,2026-08-06 21:51,79.00,73.00,81.93,5.00,210.00,T,10.00,FEW
BDL,2026-08-06 22:51,78.00,74.00,87.56,5.00,220.00,0.00,10.00,FEW
BDL,2026-08-06 23:51,77.00,74.00,90.50,3.00,210.00,0.00,10.00,FEW
BDL,2026-08-07 00:51,76.00,74.00,93.55,0.00,0.00,0.00,10.00,FEW
BDL,2026-08-07 01:51,76.00,74.00,93.55,4.00,230.00,0.00,10.00,SCT
BDL,2026-08-07 02:51,76.00,73.00,90.46,4.00,220.00,0.00,10.00,SCT
BDL,2026-08-07 03:51,75.00,73.00,93.52,3.00,290.00,0.00,10.00,FEW
BDL,2026-08-07 04:51,74.00,72.00,93.49,0.00,0.00,0.00,10.00,FEW
BDL,2026-08-07 05:51,72.00,71.00,96.67,0.00,0.00,0.00,9.00,FEW
BDL,2026-08-07 06:51,74.00,72.00,93.49,4.00,310.00,0.00,10.00,FEW
BDL,2026-08-07 07:51,79.00,71.00,76.58,4.00,320.00,0.00,10.00,FEW
BDL,2026-08-07 08:51,82.00,71.00,69.45,4.00,M,0.00,10.00,FEW
BDL,2026-08-07 09:51,84.00,70.00,62.94,0.00,0.00,0.00,10.00,FEW
BDL,2026-08-07 10:51,85.00,65.00,51.31,0.00,0.00,0.00,10.00,FEW
BDL,2026-08-07 11:51,87.00,68.00,53.41,5.00,M,0.00,10.00,FEW
BDL,2026-08-07 12:51,90.00,70.00,52.04,4.00,M,0.00,10.00,SCT
BDL,2026-08-07 13:51,90.00,69.00,50.29,8.00,190.00,0.00,10.00,BKN
BDL,2026-08-07 14:51,90.00,68.00,48.59,9.00,190.00,0.00,10.00,BKN
BDL,2026-08-07 15:51,91.00,69.00,48.74,5.00,240.00,0.00,10.00,SCT
BDL,2026-08-07 16:51,91.00,69.00,48.74,7.00,200.00,0.00,10.00,SCT
BDL,2026-08-07 17:51,89.00,69.00,51.89,6.00,210.00,0.00,10.00,SCT
BDL,2026-08-07 18:51,88.00,70.00,55.41,5.00,230.00,0.00,10.00,FEW
BDL,2026-08-07 19:51,85.00,72.00,65.23,6.00,230.00,0.00,10.00,FEW
BDL,2026-08-07 20:51,83.00,70.00,65.00,21.00,200.00,0.00,10.00,FEW
BDL,2026-08-07 21:51,72.00,69.00,90.30,7.00,180.00,0.08,9.00,FEW
BDL,2026-08-07 22:51,71.00,70.00,96.66,5.00,150.00,0.08,10.00,FEW
BDL,2026-08-07 23:51,71.00,70.00,96.66,8.00,170.00,T,10.00,FEW
BDL,2026-08-08 00:51,71.00,70.00,96.66,4.00,230.00,0.00,10.00,FEW
BDL,2026-08-08 01:51,71.00,70.00,96.66,4.00,160.00,0.00,10.00,FEW
BDL,2026-08-08 02:51,71.00,70.00,96.66,5.00,180.00,0.00,10.00,OVC
BDL,2026-08-08 03:51,71.00,70.00,96.66,6.00,190.00,0.00,10.00,SCT
BDL,2026-08-08 04:51,71.00,70.00,96.66,5.00,200.00,0.00,10.00,BKN
BDL,2026-08-08 05:51,70.00,69.00,96.64,3.00,220.00,0.00,2.50,BKN
BDL,2026-08-08 06:51,71.00,69.00,93.41,6.00,190.00,0.00,2.50,BKN
BDL,2026-08-08 07:51,72.00,70.00,93.44,3.00,M,0.00,10.00,BKN
BDL,2026-08-08 08:51,75.00,70.00,84.49,0.00,0.00,0.00,10.00,BKN
BDL,2026-08-08 09:51,77.00,71.00,81.79,3.00,M,0.00,10.00,SCT
BDL,2026-08-08 10:51,81.00,71.00,71.74,5.00,180.00,0.00,10.00,FEW
BDL,2026-08-08 11:51,84.00,72.00,67.36,6.00,240.00,0.00,10.00,FEW
BDL,2026-08-08 12:51,87.00,72.00,61.21,10.00,210.00,0.00,10.00,SCT
BDL,2026-08-08 13:51,90.00,69.00,50.29,13.00,250.00,0.00,10.00,SCT
BDL,2026-08-08 14:51,90.00,67.00,46.95,10.00,240.00,0.00,10.00,SCT
BDL,2026-08-08 15:51,88.00,70.00,55.41,8.00,230.00,0.00,10.00,SCT
BDL,2026-08-08 16:51,87.00,69.00,55.27,10.00,230.00,0.00,10.00,FEW
BDL,2026-08-08 17:51,82.00,66.00,58.51,14.00,290.00,0.00,10.00,FEW
BDL,2026-08-08 18:51,74.00,68.00,81.58,8.00,280.00,0.06,10.00,FEW
BDL,2026-08-08 19:51,74.00,68.00,81.58,5.00,200.00,T,10.00,FEW
BDL,2026-08-08 20:51,72.00,69.00,90.30,0.00,0.00,0.00,10.00,FEW
BDL,2026-08-08 21:51,71.00,69.00,93.41,0.00,0.00,0.00,10.00,FEW
BDL,2026-08-08 22:51,72.00,68.00,87.26,5.00,240.00,0.00,10.00,FEW
BDL,2026-08-08 23:51,72.00,68.00,87.26,3.00,150.00,0.00,10.00,FEW
BDL,2026-08-09 00:51,70.00,68.00,93.38,0.00,0.00,0.00,10.00,FEW
BDL,2026-08-09 01:51,70.00,68.00,93.38,0.00,0.00,0.00,10.00,FEW
BDL,2026-08-09 02:51,69.00,68.00,96.63,0.00,0.00,0.00,10.00,FEW
BDL,2026-08-09 03:51,68.00,67.00,96.61,0.00,0.00,0.00,10.00,FEW
BDL,2026-08-09 04:51,69.00,67.00,93.36,4.00,130.00,0.00,10.00,FEW
BDL,2026-08-09 05:51,70.00,69.00,96.64,0.00,0.00,0.00,10.00,FEW
BDL,2026-08-09 06:51,71.00,70.00,96.66,3.00,M,0.00,10.00,SCT
BDL,2026-08-09 07:51,74.00,70.00,87.36,4.00,180.00,0.00,10.00,SCT
BDL,2026-08-09 08:51,78.00,70.00,76.49,4.00,280.00,0.00,10.00,FEW
BDL,2026-08-09 09:51,82.00,70.00,67.13,6.00,320.00,0.00,10.00,FEW
BDL,2026-08-09 10:51,84.00,70.00,62.94,5.00,310.00,0.00,10.00,FEW
BDL,2026-08-09 11:51,86.00,67.00,53.27,8.00,310.00,0.00,10.00,BKN
BDL,2026-08-09 12:51,87.00,68.00,53.41,6.00,340.00,0.00,10.00,SCT
BDL,2026-08-09 13:51,89.00,65.00,45.20,8.00,330.00,0.00,10.00,SCT
BDL,2026-08-09 14:51,90.00,61.00,38.06,14.00,280.00,0.00,10.00,SCT
BDL,2026-08-09 15:51,89.00,62.00,40.69,10.00,300.00,0.00,10.00,FEW
BDL,2026-08-09 16:51,88.00,63.00,43.50,6.00,320.00,0.00,10.00,FEW
BDL,2026-08-09 17:51,85.00,63.00,47.84,10.00,310.00,0.00,10.00,FEW
BDL,2026-08-09 18:51,82.00,62.00,50.87,6.00,330.00,0.00,10.00,FEW
BDL,2026-08-09 19:51,78.00,63.00,60.04,4.00,320.00,0.00,10.00,FEW
BDL,2026-08-09 20:51,74.00,63.00,68.57,6.00,320.00,0.00,10.00,CLR
BDL,2026-08-09 21:51,72.00,63.00,73.34,4.00,310.00,0.00,10.00,CLR
BDL,2026-08-09 22:51,69.00,64.00,84.12,5.00,290.00,0.00,10.00,CLR
BDL,2026-08-09 23:51,70.00,62.00,75.78,4.00,280.00,0.00,10.00,CLR
BDL,2026-08-10 00:51,67.00,61.00,81.07,0.00,0.00,0.00,10.00,FEW
BDL,2026-08-10 01:51,65.00,61.00,86.89,0.00,0.00,0.00,10.00,FEW
BDL,2026-08-10 02:51,61.00,60.00,96.51,0.00,0.00,0.00,10.00,BKN
BDL,2026-08-10 03:51,60.00,58.00,93.10,4.00,280.00,0.00,10.00,BKN
BDL,2026-08-10 04:51,61.00,55.00,80.62,3.00,300.00,0.00,10.00,BKN
BDL,2026-08-10 05:51,61.00,54.00,77.73,6.00,70.00,0.00,10.00,FEW
BDL,2026-08-10 06:51,60.00,56.00,86.62,0.00,0.00,0.00,10.00,FEW
BDL,2026-08-10 07:51,63.00,57.00,80.77,0.00,0.00,0.00,10.00,FEW
BDL,2026-08-10 08:51,68.00,57.00,67.89,3.00,350.00,0.00,10.00,SCT
BDL,2026-08-10 09:51,72.00,58.00,61.41,3.00,360.00,0.00,10.00,FEW
BDL,2026-08-10 10:51,77.00,57.00,50.12,3.00,200.00,0.00,10.00,SCT
BDL,2026-08-10 11:51,80.00,58.00,47.08,3.00,200.00,0.00,10.00,FEW
BDL,2026-08-10 12:51,82.00,60.00,47.39,4.00,M,0.00,10.00,FEW
BDL,2026-08-10 13:51,85.00,61.00,44.58,8.00,190.00,0.00,10.00,FEW
BDL,2026-08-10 14:51,86.00,62.00,44.74,9.00,200.00,0.00,10.00,FEW
BDL,2026-08-10 15:51,85.00,63.00,47.84,5.00,220.00,0.00,10.00,FEW
BDL,2026-08-10 16:51,84.00,64.00,51.16,9.00,220.00,0.00,10.00,FEW
BDL,2026-08-10 17:51,82.00,65.00,56.51,8.00,220.00,0.00,10.00,FEW
BDL,2026-08-10 18:51,81.00,66.00,60.44,6.00,220.00,0.00,10.00,OVC
BDL,2026-08-10 19:51,79.00,68.00,69.12,8.00,210.00,0.00,10.00,FEW
BDL,2026-08-10 20:51,75.00,69.00,81.65,9.00,180.00,0.00,10.00,FEW
BDL,2026-08-10 21:51,74.00,66.00,76.14,7.00,200.00,0.00,10.00,BKN
BDL,2026-08-10 22:51,73.00,66.00,78.74,5.00,190.00,0.00,10.00,BKN
BDL,2026-08-10 23:51,72.00,66.00,81.44,5.00,190.00,0.00,10.00,FEW
BDL,2026-08-11 00:51,71.00,66.00,84.24,4.00,140.00,0.00,10.00,FEW
BDL,2026-08-11 01:51,68.00,66.00,93.33,0.00,0.00,0.00,10.00,FEW
BDL,2026-08-11 02:51,68.00,66.00,93.33,0.00,0.00,0.00,10.00,CLR
BDL,2026-08-11 03:51,68.00,66.00,93.33,4.00,230.00,0.00,10.00,FEW
BDL,2026-08-11 04:51,68.00,65.00,90.14,7.00,240.00,0.00,10.00,SCT
BDL,2026-08-11 05:51,68.00,65.00,90.14,4.00,250.00,0.00,10.00,FEW
BDL,2026-08-11 06:51,71.00,66.00,84.24,6.00,220.00,0.00,10.00,FEW
BDL,2026-08-11 07:51,74.00,67.00,78.82,4.00,220.00,0.00,10.00,BKN
BDL,2026-08-11 08:51,76.00,67.00,73.73,3.00,220.00,0.00,10.00,FEW
BDL,2026-08-11 09:51,79.00,67.00,66.78,0.00,0.00,0.00,10.00,FEW
BDL,2026-08-11 10:51,82.00,63.00,52.69,10.00,320.00,0.00,10.00,FEW
BDL,2026-08-11 11:51,82.00,60.00,47.39,12.00,310.00,0.00,10.00,FEW
BDL,2026-08-11 12:51,84.00,59.00,42.87,12.00,310.00,0.00,10.00,FEW
BDL,2026-08-11 13:51,85.00,57.00,38.64,12.00,320.00,0.00,10.00,FEW
BDL,2026-08-11 14:51,84.00,59.00,42.87,9.00,320.00,0.00,10.00,FEW
BDL,2026-08-11 15:51,85.00,61.00,44.58,12.00,300.00,0.00,10.00,FEW
BDL,2026-08-11 16:51,83.00,58.00,42.72,10.00,270.00,0.00,10.00,SCT
BDL,2026-08-11 17:51,82.00,60.00,47.39,6.00,280.00,0.00,10.00,FEW
BDL,2026-08-11 18:51,81.00,62.00,52.55,3.00,M,0.00,10.00,FEW
BDL,2026-08-11 19:51,77.00,64.00,64.27,5.00,230.00,0.00,10.00,FEW
BDL,2026-08-11 20:51,73.00,65.00,76.05,0.00,0.00,0.00,10.00,FEW
BDL,2026-08-11 21:51,72.00,65.00,78.66,4.00,250.00,0.00,10.00,FEW
BDL,2026-08-11 22:51,71.00,67.00,87.21,4.00,230.00,0.00,10.00,FEW
BDL,2026-08-11 23:51,70.00,67.00,90.22,4.00,360.00,0.00,10.00,BKN
BDL,2026-08-12 00:51,68.00,65.00,90.14,0.00,0.00,0.00,10.00,FEW
BDL,2026-08-12 01:51,67.00,64.00,90.10,0.00,0.00,0.00,10.00,FEW
BDL,2026-08-12 02:51,67.00,62.00,83.99,4.00,310.00,0.00,10.00,BKN
BDL,2026-08-12 03:51,67.00,58.00,72.85,3.00,40.00,0.00,10.00,FEW
BDL,2026-08-12 04:51,62.00,59.00,89.89,3.00,330.00,0.00,10.00,SCT
BDL,2026-08-12 05:51,63.00,58.00,83.73,3.00,340.00,0.00,10.00,FEW
BDL,2026-08-12 06:51,65.00,59.00,80.92,0.00,0.00,0.00,10.00,FEW
BDL,2026-08-12 07:51,68.00,60.00,75.59,3.00,310.00,0.00,10.00,FEW
BDL,2026-08-12 08:51,72.00,60.00,65.96,3.00,340.00,0.00,10.00,FEW
BDL,2026-08-12 09:51,74.00,60.00,61.67,0.00,0.00,0.00,10.00,CLR
BDL,2026-08-12 10:51,79.00,60.00,52.25,4.00,20.00,0.00,10.00,FEW
BDL,2026-08-12 11:51,82.00,56.00,41.05,5.00,300.00,0.00,10.00,FEW
BDL,2026-08-12 12:51,83.00,58.00,42.72,7.00,320.00,0.00,10.00,SCT
BDL,2026-08-12 13:51,82.00,57.00,42.56,5.00,350.00,0.00,10.00,FEW
BDL,2026-08-12 14:51,83.00,56.00,39.74,6.00,300.00,0.00,10.00,FEW
BDL,2026-08-12 15:51,84.00,55.00,37.11,6.00,280.00,0.00,10.00,FEW
BDL,2026-08-12 16:51,84.00,55.00,37.11,7.00,290.00,0.00,10.00,FEW
BDL,2026-08-12 17:51,82.00,57.00,42.56,8.00,270.00,0.00,10.00,FEW
BDL,2026-08-12 18:51,80.00,58.00,47.08,7.00,270.00,0.00,10.00,FEW
BDL,2026-08-12 19:51,77.00,60.00,55.81,7.00,230.00,0.00,10.00,FEW
BDL,2026-08-12 20:51,74.00,61.00,63.90,5.00,250.00,0.00,10.00,FEW
BDL,2026-08-12 21:51,73.00,63.00,70.91,0.00,0.00,0.00,10.00,FEW
BDL,2026-08-12 22:51,73.00,63.00,70.91,0.00,0.00,T,10.00,FEW
BDL,2026-08-12 23:51,71.00,65.00,81.37,0.00,0.00,T,10.00,FEW
BDL,2026-08-13 00:51,70.00,66.00,87.16,5.00,200.00,0.03,10.00,FEW
BDL,2026-08-13 01:51,67.00,64.00,90.10,8.00,190.00,T,10.00,FEW
BDL,2026-08-13 02:51,67.00,65.00,93.30,5.00,190.00,0.00,10.00,BKN
BDL,2026-08-13 03:51,67.00,65.00,93.30,5.00,200.00,0.00,10.00,FEW
BDL,2026-08-13 04:51,67.00,65.00,93.30,4.00,230.00,0.00,10.00,FEW
BDL,2026-08-13 05:51,67.00,65.00,93.30,0.00,0.00,T,8.00,FEW
BDL,2026-08-13 06:51,66.00,65.00,96.59,3.00,10.00,T,8.00,FEW
BDL,2026-08-13 07:51,69.00,66.00,90.18,0.00,0.00,0.00,10.00,FEW
BDL,2026-08-13 08:51,71.00,65.00,81.37,3.00,330.00,0.00,10.00,FEW
BDL,2026-08-13 09:51,74.00,65.00,73.54,5.00,330.00,0.00,10.00,FEW
BDL,2026-08-13 10:51,78.00,65.00,64.39,3.00,M,0.00,10.00,BKN
BDL,2026-08-13 11:51,80.00,66.00,62.44,5.00,210.00,0.00,10.00,BKN
BDL,2026-08-13 12:51,84.00,63.00,49.40,9.00,330.00,0.00,10.00,FEW
BDL,2026-08-13 13:51,84.00,60.00,44.43,9.00,320.00,0.00,10.00,BKN
BDL,2026-08-13 14:51,85.00,59.00,41.52,9.00,280.00,0.00,10.00,SCT
BDL,2026-08-13 15:51,86.00,58.00,38.80,9.00,310.00,0.00,10.00,SCT
BDL,2026-08-13 16:51,86.00,57.00,37.43,12.00,290.00,0.00,10.00,FEW
BDL,2026-08-13 17:51,79.00,62.00,56.09,10.00,20.00,0.00,10.00,FEW
BDL,2026-08-13 18:51,78.00,62.00,57.97,4.00,350.00,0.00,10.00,FEW
BDL,2026-08-13 19:51,76.00,61.00,59.78,3.00,310.00,0.00,10.00,FEW
BDL,2026-08-13 20:51,72.00,64.00,75.96,0.00,0.00,0.00,10.00,FEW
BDL,2026-08-13 21:51,71.00,63.00,75.87,4.00,230.00,0.00,10.00,FEW
BDL,2026-08-13 22:51,70.00,63.00,78.49,5.00,230.00,0.00,10.00,FEW
BDL,2026-08-13 23:51,68.00,63.00,84.05,5.00,310.00,0.00,10.00,FEW
BDL,2026-08-14 00:51,66.00,62.00,86.95,3.00,300.00,0.00,10.00,FEW
BDL,2026-08-14 01:51,67.00,60.00,78.24,7.00,300.00,0.00,10.00,FEW
BDL,2026-08-14 02:51,67.00,60.00,78.24,5.00,260.00,0.00,10.00,FEW
BDL,2026-08-14 03:51,62.00,60.00,93.16,3.00,350.00,0.00,10.00,SCT
BDL,2026-08-14 04:51,63.00,59.00,86.79,5.00,360.00,0.00,10.00,FEW
BDL,2026-08-14 05:51,63.00,59.00,86.79,0.00,0.00,0.00,10.00,FEW
BDL,2026-08-14 06:51,63.00,59.00,86.79,0.00,0.00,0.00,10.00,FEW
BDL,2026-08-14 07:51,68.00,60.00,75.59,3.00,10.00,0.00,10.00,FEW
BDL,2026-08-14 08:51,71.00,59.00,65.84,3.00,10.00,0.00,10.00,FEW
BDL,2026-08-14 09:51,76.00,60.00,57.69,3.00,M,0.00,10.00,FEW
BDL,2026-08-14 10:51,77.00,58.00,51.96,4.00,20.00,0.00,10.00,FEW
BDL,2026-08-14 11:51,79.00,59.00,50.42,4.00,M,0.00,10.00,FEW
BDL,2026-08-14 12:51,81.00,60.00,48.95,5.00,290.00,0.00,10.00,FEW
BDL,2026-08-14 13:51,82.00,61.00,49.10,3.00,M,0.00,10.00,SCT
BDL,2026-08-14 14:51,82.00,59.00,45.73,6.00,230.00,0.00,10.00,SCT
BDL,2026-08-14 15:51,79.00,62.00,56.09,4.00,10.00,0.00,10.00,FEW
BDL,2026-08-14 16:51,77.00,60.00,55.81,8.00,300.00,T,10.00,FEW
BDL,2026-08-14 17:51,75.00,62.00,64.02,5.00,20.00,T,10.00,BKN
BDL,2026-08-14 18:51,74.00,61.00,63.90,4.00,340.00,0.00,10.00,FEW
BDL,2026-08-14 19:51,72.00,59.00,63.65,3.00,350.00,0.00,10.00,BKN
BDL,2026-08-14 20:51,69.00,61.00,75.69,3.00,310.00,0.00,10.00,SCT
BDL,2026-08-14 21:51,66.00,60.00,81.00,5.00,20.00,0.00,10.00,FEW
BDL,2026-08-14 22:51,64.00,61.00,89.98,4.00,300.00,0.00,10.00,CLR
BDL,2026-08-14 23:51,63.00,60.00,89.94,4.00,360.00,0.00,10.00,FEW
BDL,2026-08-15 00:51,63.00,59.00,86.79,6.00,330.00,0.00,10.00,FEW
BDL,2026-08-15 01:51,62.00,58.00,86.73,0.00,0.00,0.00,10.00,FEW
BDL,2026-08-15 02:51,60.00,57.00,89.81,4.00,10.00,0.00,10.00,FEW
BDL,2026-08-15 03:51,59.00,57.00,93.07,0.00,0.00,0.00,10.00,FEW
BDL,2026-08-15 04:51,58.00,56.00,93.04,0.00,0.00,0.00,10.00,FEW
BDL,2026-08-15 05:51,57.00,55.00,93.01,0.00,0.00,0.00,10.00,FEW
BDL,2026-08-15 06:51,59.00,56.00,89.77,3.00,340.00,0.00,10.00,FEW
BDL,2026-08-15 07:51,63.00,57.00,80.77,5.00,360.00,0.00,10.00,FEW
BDL,2026-08-15 08:51,67.00,57.00,70.27,5.00,10.00,0.00,10.00,FEW
BDL,2026-08-15 09:51,71.00,58.00,63.53,0.00,0.00,0.00,10.00,FEW
BDL,2026-08-15 10:51,74.00,57.00,55.39,5.00,330.00,0.00,10.00,FEW
BDL,2026-08-15 11:51,77.00,55.00,46.62,3.00,M,0.00,10.00,SCT
BDL,2026-08-15 12:51,78.00,53.00,41.93,4.00,320.00,0.00,10.00,SCT
BDL,2026-08-15 13:51,78.00,55.00,45.11,0.00,0.00,0.00,10.00,BKN
BDL,2026-08-15 14:51,77.00,55.00,46.62,5.00,340.00,0.00,10.00,SCT
BDL,2026-08-15 15:51,79.00,54.00,42.09,7.00,320.00,0.00,10.00,BKN
BDL,2026-08-15 16:51,80.00,52.00,37.85,9.00,320.00,0.00,10.00,FEW
BDL,2026-08-15 17:51,79.00,50.00,36.32,8.00,320.00,0.00,10.00,FEW
BDL,2026-08-15 18:51,77.00,53.00,43.34,4.00,320.00,0.00,10.00,FEW
BDL,2026-08-15 19:51,72.00,56.00,57.14,4.00,340.00,0.00,10.00,FEW
BDL,2026-08-15 20:51,67.00,58.00,72.85,4.00,300.00,0.00,10.00,FEW
BDL,2026-08-15 21:51,66.00,57.00,72.74,0.00,0.00,0.00,10.00,CLR
BDL,2026-08-15 22:51,63.00,57.00,80.77,4.00,20.00,0.00,10.00,CLR
BDL,2026-08-15 23:51,63.00,56.00,77.91,3.00,20.00,0.00,10.00,FEW
BDL,2026-08-16 00:51,62.00,56.00,80.70,5.00,10.00,0.00,10.00,FEW
BDL,2026-08-16 01:51,61.00,56.00,83.60,0.00,0.00,0.00,10.00,FEW
BDL,2026-08-16 02:51,59.00,55.00,86.57,4.00,360.00,0.00,10.00,FEW
BDL,2026-08-16 03:51,58.00,54.00,86.51,3.00,350.00,0.00,10.00,CLR
BDL,2026-08-16 04:51,56.00,54.00,92.98,4.00,10.00,0.00,10.00,FEW
BDL,2026-08-16 05:51,57.00,54.00,89.68,0.00,0.00,0.00,10.00,SCT
BDL,2026-08-16 06:51,57.00,54.00,89.68,4.00,10.00,0.00,10.00,SCT
BDL,2026-08-16 07:51,61.00,55.00,80.62,5.00,20.00,0.00,10.00,SCT
BDL,2026-08-16 08:51,65.00,55.00,70.05,5.00,360.00,0.00,10.00,SCT
BDL,2026-08-16 09:51,69.00,56.00,63.27,3.00,M,0.00,10.00,SCT
BDL,2026-08-16 10:51,71.00,56.00,59.11,4.00,230.00,0.00,10.00,BKN
BDL,2026-08-16 11:51,75.00,58.00,55.53,5.00,160.00,0.00,10.00,FEW
BDL,2026-08-16 12:51,78.00,61.00,55.95,0.00,0.00,0.00,10.00,SCT
BDL,2026-08-16 13:51,81.00,62.00,52.55,10.00,190.00,0.00,10.00,BKN
BDL,2026-08-16 14:51,81.00,62.00,52.55,11.00,180.00,0.00,10.00,BKN
BDL,2026-08-16 15:51,79.00,62.00,56.09,12.00,200.00,0.00,10.00,BKN
BDL,2026-08-16 16:51,79.00,61.00,54.14,10.00,190.00,0.00,10.00,FEW
BDL,2026-08-16 17:51,77.00,60.00,55.81,14.00,180.00,0.00,10.00,BKN
BDL,2026-08-16 18:51,76.00,59.00,55.67,14.00,200.00,0.00,10.00,FEW
BDL,2026-08-16 19:51,74.00,61.00,63.90,11.00,200.00,0.00,10.00,SCT
BDL,2026-08-16 20:51,73.00,62.00,68.46,13.00,200.00,0.00,10.00,SCT
BDL,2026-08-16 21:51,68.00,64.00,87.05,9.00,160.00,0.01,10.00,FEW
BDL,2026-08-16 22:51,67.00,65.00,93.30,5.00,200.00,0.01,6.00,SCT
BDL,2026-08-16 23:51,67.00,65.00,93.30,7.00,150.00,0.02,7.00,BKN
BDL,2026-08-17 00:51,67.00,65.00,93.30,8.00,160.00,T,9.00,BKN
BDL,2026-08-17 01:51,67.00,66.00,96.60,5.00,190.00,0.04,7.00,SCT
BDL,2026-08-17 02:51,67.00,66.00,96.60,7.00,190.00,T,3.00,FEW
BDL,2026-08-17 03:51,66.00,65.00,96.59,8.00,180.00,0.04,5.00,SCT
BDL,2026-08-17 04:51,66.00,65.00,96.59,6.00,170.00,0.01,3.00,BKN
BDL,2026-08-17 05:51,67.00,66.00,96.60,6.00,160.00,0.01,2.00,SCT
BDL,2026-08-17 06:51,67.00,66.00,96.60,5.00,180.00,T,2.00,SCT
BDL,2026-08-17 07:51,67.00,66.00,96.60,6.00,190.00,0.01,3.00,SCT
BDL,2026-08-17 08:51,67.00,66.00,96.60,4.00,170.00,0.01,3.00,BKN
BDL,2026-08-17 09:51,68.00,66.00,93.33,6.00,180.00,T,10.00,BKN
BDL,2026-08-17 10:51,69.00,66.00,90.18,5.00,170.00,T,10.00,FEW
BDL,2026-08-17 11:51,70.00,65.00,84.18,7.00,170.00,0.00,10.00,OVC
BDL,2026-08-17 12:51,71.00,66.00,84.24,4.00,200.00,0.00,10.00,OVC
BDL,2026-08-17 13:51,73.00,66.00,78.74,0.00,0.00,0.00,10.00,OVC
BDL,2026-08-17 14:51,74.00,67.00,78.82,4.00,M,0.00,10.00,OVC
BDL,2026-08-17 15:51,75.00,67.00,76.23,0.00,0.00,0.00,10.00,OVC
BDL,2026-08-17 16:51,75.00,67.00,76.23,0.00,0.00,0.00,10.00,BKN
BDL,2026-08-17 17:51,77.00,67.00,71.33,6.00,90.00,0.00,10.00,FEW
BDL,2026-08-17 18:51,76.00,67.00,73.73,3.00,90.00,0.00,10.00,FEW
BDL,2026-08-17 19:51,73.00,68.00,84.37,0.00,0.00,0.00,10.00,FEW
BDL,2026-08-17 20:51,70.00,68.00,93.38,3.00,310.00,0.00,10.00,FEW
BDL,2026-08-17 21:51,70.00,68.00,93.38,0.00,0.00,0.00,10.00,FEW
BDL,2026-08-17 22:51,68.00,67.00,96.61,3.00,300.00,0.00,10.00,SCT
BDL,2026-08-17 23:51,69.00,68.00,96.63,0.00,0.00,0.00,10.00,BKN
BDL,2026-08-18 00:51,69.00,68.00,96.63,0.00,0.00,0.00,10.00,FEW
BDL,2026-08-18 01:51,70.00,68.00,93.38,4.00,180.00,0.00,10.00,BKN
BDL,2026-08-18 02:51,69.00,68.00,96.63,0.00,0.00,0.00,10.00,BKN
BDL,2026-08-18 03:51,70.00,68.00,93.38,0.00,0.00,0.00,10.00,FEW
BDL,2026-08-18 04:51,69.00,67.00,93.36,0.00,0.00,0.00,10.00,SCT
BDL,2026-08-18 05:51,68.00,67.00,96.61,0.00,0.00,0.00,9.00,BKN
BDL,2026-08-18 06:51,69.00,68.00,96.63,0.00,0.00,0.00,9.00,BKN
BDL,2026-08-18 07:51,71.00,69.00,93.41,0.00,0.00,0.00,10.00,FEW
BDL,2026-08-18 08:51,74.00,69.00,84.43,3.00,20.00,0.00,10.00,FEW
BDL,2026-08-18 09:51,77.00,66.00,68.90,6.00,40.00,0.00,10.00,FEW
BDL,2026-08-18 10:51,78.00,65.00,64.39,3.00,M,0.00,10.00,SCT
BDL,2026-08-18 11:51,80.00,66.00,62.44,0.00,0.00,0.00,10.00,SCT
BDL,2026-08-18 12:51,81.00,67.00,62.56,4.00,360.00,0.00,10.00,BKN
BDL,2026-08-18 13:51,80.00,66.00,62.44,5.00,20.00,0.00,10.00,SCT
BDL,2026-08-18 14:51,83.00,66.00,56.65,3.00,M,0.00,10.00,SCT
BDL,2026-08-18 15:51,83.00,66.00,56.65,6.00,310.00,0.00,10.00,BKN
BDL,2026-08-18 16:51,85.00,64.00,49.55,4.00,M,0.00,10.00,BKN
BDL,2026-08-18 17:51,85.00,63.00,47.84,7.00,330.00,0.00,10.00,FEW
BDL,2026-08-18 18:51,83.00,63.00,51.02,4.00,300.00,0.00,10.00,FEW
BDL,2026-08-18 19:51,76.00,66.00,71.23,3.00,310.00,0.00,10.00,FEW
BDL,2026-08-18 20:51,74.00,66.00,76.14,3.00,300.00,0.00,10.00,CLR
BDL,2026-08-18 21:51,75.00,63.00,66.32,0.00,0.00,0.00,10.00,BKN
BDL,2026-08-18 22:51,73.00,65.00,76.05,4.00,160.00,0.00,10.00,BKN
BDL,2026-08-18 23:51,70.00,66.00,87.16,4.00,310.00,0.00,10.00,BKN
BDL,2026-08-19 00:51,69.00,64.00,84.12,3.00,290.00,0.00,10.00,FEW
BDL,2026-08-19 01:51,67.00,65.00,93.30,3.00,260.00,0.00,10.00,FEW
BDL,2026-08-19 02:51,68.00,64.00,87.05,4.00,290.00,0.00,10.00,BKN
BDL,2026-08-19 03:51,68.00,63.00,84.05,3.00,270.00,0.00,10.00,SCT
BDL,2026-08-19 04:51,67.00,63.00,87.00,0.00,0.00,0.00,10.00,BKN
BDL,2026-08-19 05:51,65.00,63.00,93.24,0.00,0.00,0.00,10.00,FEW
BDL,2026-08-19 06:51,67.00,63.00,87.00,3.00,240.00,0.00,10.00,SCT
BDL,2026-08-19 07:51,71.00,62.00,73.24,0.00,0.00,0.00,10.00,BKN
BDL,2026-08-19 08:51,74.00,59.00,59.51,0.00,0.00,0.00,10.00,FEW
BDL,2026-08-19 09:51,78.00,59.00,52.11,3.00,330.00,0.00,10.00,FEW
BDL,2026-08-19 10:51,80.00,60.00,50.57,8.00,290.00,0.00,10.00,FEW
BDL,2026-08-19 11:51,83.00,57.00,41.21,8.00,270.00,0.00,10.00,SCT
BDL,2026-08-19 12:51,83.00,56.00,39.74,8.00,290.00,0.00,10.00,SCT
BDL,2026-08-19 13:51,83.00,56.00,39.74,9.00,260.00,0.00,10.00,SCT
BDL,2026-08-19 14:51,85.00,57.00,38.64,10.00,250.00,0.00,10.00,FEW
BDL,2026-08-19 15:51,84.00,55.00,37.11,9.00,240.00,0.00,10.00,FEW
BDL,2026-08-19 16:51,85.00,57.00,38.64,9.00,260.00,0.00,10.00,FEW
BDL,2026-08-19 17:51,83.00,58.00,42.72,5.00,290.00,0.00,10.00,FEW
BDL,2026-08-19 18:51,81.00,60.00,48.95,6.00,220.00,0.00,10.00,FEW
BDL,2026-08-19 19:51,78.00,62.00,57.97,7.00,210.00,0.00,10.00,FEW
BDL,2026-08-19 20:51,77.00,62.00,59.91,4.00,230.00,0.00,10.00,FEW
BDL,2026-08-19 21:51,74.00,62.00,66.20,4.00,230.00,0.00,10.00,SCT
BDL,2026-08-19 22:51,73.00,63.00,70.91,3.00,170.00,0.00,10.00,FEW
BDL,2026-08-19 23:51,71.00,63.00,75.87,4.00,170.00,0.00,10.00,FEW
